scenario_id,resource_loop_id
1,3
1,1
2,5
2,7
2,16
2,4
3,3
3,7
4,3
5,17
5,2
5,3
6,15
6,6
6,16
6,5
7,2
8,3
8,16
8,14
9,9
10,10
10,14
11,13
11,16
11,14
11,11
12,1
13,9
13,6
13,15
13,12
14,3
14,8
14,1
15,13
15,9
16,16
16,13
16,15
17,9
17,6
17,4
18,1
18,10
18,2
18,11
19,5
19,10
20,16
20,17
20,2
21,3
22,12
22,3
22,8
23,11
23,9
24,15
24,13
24,1
25,5
25,6
25,15
25,13
26,14
26,15
26,9
26,5
27,14
28,11
28,1
29,1
29,9
29,10
30,11
31,14
32,7
32,3
32,10
33,17
33,2
34,4
35,4
35,1
36,11
36,8
36,1
36,3
37,13
37,12
38,13
38,5
39,4
39,8
40,13
41,5
41,2
42,6
42,13
42,11
43,15
44,14
44,3
44,1
44,13
45,16
45,7
45,6
46,5
46,4
46,1
47,3
47,1
48,2
48,7
48,8
49,11
49,3
50,10
51,17
51,11
51,9
51,4
52,14
52,12
52,5
52,11
53,9
53,12
53,3
54,4
54,13
55,11
55,4
55,7
56,14
56,10
56,17
57,4
57,13
58,9
58,15
59,13
59,11
60,11
60,15
60,2
60,5
61,6
61,10
61,8
61,3
62,11
62,8
63,8
63,14
63,4
64,9
65,10
66,3
67,10
67,16
67,6
68,2
68,4
68,14
68,16
69,8
70,13
70,8
71,15
72,16
72,3
72,4
72,14
73,8
74,12
74,9
75,4
76,11
76,10
77,8
77,6
77,4
78,5
78,16
78,15
78,6
79,1
79,15
79,4
79,3
80,13
80,8
80,17
81,14
82,3
83,11
83,5
83,14
83,7
84,2
84,14
84,8
84,5
85,17
85,5
85,3
86,11
86,1
86,7
86,15
87,4
87,15
87,1
87,9
88,11
88,14
88,4
88,13
89,7
89,3
89,2
90,8
90,6
91,10
92,6
92,15
93,12
94,10
95,11
96,1
96,4
97,12
97,4
97,10
97,6
98,3
99,3
99,17
99,4
99,10
100,10
100,8
100,7
100,5
101,16
101,14
101,6
102,4
103,12
103,11
103,5
103,10
104,17
104,4
104,5
104,14
105,7
106,4
106,8
106,14
107,7
107,13
107,16
107,2
108,11
109,4
110,17
110,11
111,14
111,3
112,6
112,16
112,12
113,16
113,3
114,10
114,15
114,7
114,9
115,14
115,16
116,10
116,11
117,10
117,17
117,13
118,13
118,3
118,15
118,9
119,6
119,5
120,1
120,14
120,8
121,14
122,8
122,12
122,10
123,5
123,10
123,1
123,9
124,1
124,11
125,4
125,13
125,3
125,15
126,17
126,16
127,2
127,16
127,11
128,10
128,16
128,8
128,7
129,2
130,13
130,15
130,12
130,3
131,5
131,15
131,12
132,12
133,9
133,4
133,2
133,13
134,13
134,6
134,15
135,7
135,9
136,2
136,13
136,15
137,5
137,8
137,13
137,7
138,17
138,16
138,6
138,15
139,10
140,12
140,6
140,2
140,1
141,14
141,7
141,9
142,14
142,11
143,11
143,14
143,7
144,5
144,12
145,9
146,11
146,13
146,14
147,2
147,6
147,15
148,6
148,11
149,10
149,8
149,11
149,2
150,12
151,8
151,10
151,3
151,13
152,7
152,5
152,13
153,12
154,11
155,11
156,2
156,1
157,9
157,11
157,13
158,10
158,11
159,7
159,12
159,17
159,2
160,16
160,13
160,10
160,3
161,8
161,14
162,15
163,12
163,11
163,13
164,10
165,9
165,12
165,2
166,10
167,4
167,15
167,9
168,4
168,8
168,12
168,6
169,16
169,11
169,6
170,14
170,12
170,17
170,10
171,7
172,15
172,12
173,3
173,15
174,3
174,7
175,6
175,1
175,7
175,11
176,16
176,9
176,5
177,1
177,5
177,10
177,16
178,8
179,8
179,4
179,11
179,10
180,14
180,12
181,4
182,13
182,10
183,6
184,8
185,9
185,15
186,9
186,11
187,1
187,7
188,17
189,9
189,15
189,5
189,12
190,16
190,3
191,17
191,3
191,15
192,12
192,15
193,12
193,17
193,2
194,1
195,7
195,2
195,17
196,12
196,11
196,13
197,7
197,5
197,4
197,14
198,11
199,2
199,17
199,8
199,7
200,4
200,8
201,12
201,3
201,5
202,3
202,5
202,11
203,2
203,14
203,3
204,9
204,2
204,14
204,15
205,10
206,9
206,11
207,10
207,2
207,9
207,4
208,4
208,9
208,1
208,13
209,5
209,17
209,6
209,3
210,12
210,13
210,5
210,6
211,8
211,3
211,11
211,7
212,3
212,8
212,15
212,14
213,7
213,17
213,6
214,13
214,15
214,12
214,5
215,12
216,9
216,17
217,2
217,14
217,11
218,8
218,14
219,2
219,3
220,1
220,7
220,8
221,4
222,1
223,1
224,11
224,2
225,4
225,17
226,5
227,4
227,16
228,8
228,1
228,4
229,17
230,4
230,16
230,10
230,17
231,14
232,9
232,5
232,16
233,8
233,1
234,1
234,2
234,13
234,5
235,5
235,4
236,11
237,2
237,10
238,14
238,15
239,16
239,15
239,5
239,4
240,7
240,4
240,11
240,8
241,8
241,9
242,8
242,9
242,5
242,10
243,9
243,6
243,15
244,13
244,9
244,5
244,15
245,7
245,9
246,13
246,9
246,8
246,6
247,1
247,14
247,4
247,5
248,11
248,9
248,14
248,1
249,8
249,11
250,12
250,11
250,4
250,3
251,16
251,4
252,3
252,13
252,6
252,8
253,9
253,1
253,13
253,14
254,15
254,16
254,8
254,1
255,10
255,6
255,11
255,9
256,10
256,14
256,6
257,9
257,1
257,12
258,12
258,11
259,7
259,9
260,12
260,14
260,5
260,17
261,11
261,12
261,1
262,14
262,16
263,10
263,7
263,6
264,12
264,5
265,15
265,14
266,5
266,17
266,7
266,1
267,16
267,3
268,9
268,17
268,16
268,5
269,5
270,6
270,13
270,10
271,6
271,14
272,2
272,6
273,11
273,6
274,16
275,12
276,5
276,6
276,8
277,10
278,14
279,15
279,4
279,3
280,9
280,15
280,3
281,15
282,15
282,11
282,3
282,9
283,9
283,5
283,15
283,12
284,5
284,1
284,16
284,17
285,4
285,9
285,10
286,1
287,6
287,7
287,11
288,8
288,1
288,10
289,11
289,14
289,7
290,13
290,15
290,17
291,4
291,3
291,9
292,1
293,7
293,12
293,10
293,8
294,5
294,4
294,2
294,6
295,9
295,15
296,14
296,5
296,3
297,13
297,17
297,9
298,13
298,15
298,7
298,14
299,7
299,14
299,6
300,2
300,9
300,7
